{
  "query": [12.9656433 , 11.60669285, 11.79167539, 10.45549038, 11.02788503,
    11.33486405, 13.18682111, 13.32098969, 13.78313881, 14.07306919,
    14.7968652 , 14.20449644, 13.63144626, 13.96674329, 14.67964446,
    14.97750982, 14.71910247, 14.48600573, 15.11026722, 15.2080647 ,
    14.57867579, 14.73541334, 14.63726537, 14.39855645, 14.48294621,
    14.89456811],
  "expected_value": 2.123
}
